{"mi_xz1": 11.001695279494312, "mi_yz1": 2.3011591727023952, "mi_xz2": 11.001556650058205, "mi_yz2": 2.301043648172302, "mi_xz3": 8.061763776530022, "mi_yz3": 0.6352133383111754, "h_x": 11.001695279494312, "h_y": 2.301159172703212, "h_z1": 11.002099841200193, "h_z2": 11.001961211764081, "h_z3": 8.062168338235333}