{"mi_xz1": 11.001695279494312, "mi_yz1": 2.3011591727023952, "mi_xz2": 11.001510440246165, "mi_yz2": 2.3009743334542456, "mi_xz3": 8.089874876163643, "mi_yz3": 0.620075592208808, "h_x": 11.001695279494312, "h_y": 2.301159172703212, "h_z1": 11.002099841200193, "h_z2": 11.001915001952046, "h_z3": 8.09027943786874}