{"mi_xz1": 11.001695279494312, "mi_yz1": 2.3011591727023952, "mi_xz2": 11.00139491571608, "mi_yz2": 2.3009050187361892, "mi_xz3": 8.138894634765268, "mi_yz3": 0.6622035248397873, "h_x": 11.001695279494312, "h_y": 2.301159172703212, "h_z1": 11.002099841200193, "h_z2": 11.001799477421951, "h_z3": 8.139299196470928}