{"mi_xz1": 11.001695279494312, "mi_yz1": 2.3011591727023952, "mi_xz2": 11.00160285987024, "mi_yz2": 2.3010898579843393, "mi_xz3": 8.30514345876399, "mi_yz3": 0.7092348585059507, "h_x": 11.001695279494312, "h_y": 2.301159172703212, "h_z1": 11.002099841200193, "h_z2": 11.002007421576119, "h_z3": 8.305548020469308}