{"mi_xz1": 11.001695279494312, "mi_yz1": 2.3011591727023952, "mi_xz2": 11.001649069682275, "mi_yz2": 2.301136067796377, "mi_xz3": 8.231136885701476, "mi_yz3": 0.6643492516247933, "h_x": 11.001695279494312, "h_y": 2.301159172703212, "h_z1": 11.002099841200193, "h_z2": 11.002053631388156, "h_z3": 8.23154144740647}