{"mi_xz1": 11.001695279494312, "mi_yz1": 2.3011591727023952, "mi_xz2": 11.001625964776258, "mi_yz2": 2.301112962890358, "mi_xz3": 8.384845820511176, "mi_yz3": 0.7103207343088792, "h_x": 11.001695279494312, "h_y": 2.301159172703212, "h_z1": 11.002099841200193, "h_z2": 11.002030526482137, "h_z3": 8.385250382216237}