{"mi_xz1": 11.001695279494312, "mi_yz1": 2.3011591727023952, "mi_xz2": 11.00164034887988, "mi_yz2": 2.301104242087962, "mi_xz3": 8.229829401205562, "mi_yz3": 0.6975698525538845, "h_x": 11.001695279494312, "h_y": 2.301159172703212, "h_z1": 11.002099841200193, "h_z2": 11.002044910585761, "h_z3": 8.230233962910487}