{"mi_xz1": 9.434967038516211, "mi_yz1": 2.2909323248519464, "mi_xz2": 9.463741638955646, "mi_yz2": 2.300181947567735, "mi_xz3": 2.1784430872405, "mi_yz3": 2.1961374185505944, "h_x": 9.53077935914261, "h_y": 2.3011591727032115, "h_z1": 10.885613102234759, "h_z2": 10.896023479374028, "h_z3": 2.319515402118927}