{"mi_xz1": 9.472802200402823, "mi_yz1": 2.299921228987673, "mi_xz2": 9.47336487657176, "mi_yz2": 2.300789792623977, "mi_xz3": 2.1712327512673677, "mi_yz3": 2.2211590710418974, "h_x": 9.530779359142606, "h_y": 2.301159172703212, "h_z1": 10.923706612850431, "h_z2": 10.916418245508282, "h_z3": 2.3120902026194026}