{"mi_xz1": 9.483966479520241, "mi_yz1": 2.300774471511544, "mi_xz2": 9.43253979260866, "mi_yz2": 2.3007492461132046, "mi_xz3": 2.1683034307123594, "mi_yz3": 2.2409916352252606, "h_x": 9.530779359142613, "h_y": 2.301159172703212, "h_z1": 10.936725634470488, "h_z2": 10.860563139062265, "h_z3": 2.309249826839999}