{"mi_xz1": 9.490890773453822, "mi_yz1": 2.300887577131512, "mi_xz2": 9.443939546967172, "mi_yz2": 2.3006662175820756, "mi_xz3": 2.1669492956141796, "mi_yz3": 2.2485895654832992, "h_x": 9.530779359142606, "h_y": 2.301159172703212, "h_z1": 10.942592588661663, "h_z2": 10.872988851814315, "h_z3": 2.3094702778637126}