{"mi_xz1": 9.492065844936885, "mi_yz1": 2.300721631597045, "mi_xz2": 9.44984148113979, "mi_yz2": 2.300619709352264, "mi_xz3": 2.165325552752157, "mi_yz3": 2.2587611208849756, "h_x": 9.530779359142603, "h_y": 2.3011591727032115, "h_z1": 10.941947779481504, "h_z2": 10.880356839492421, "h_z3": 2.306925400399101}