{"mi_xz1": 9.492107550882087, "mi_yz1": 2.3007576684977886, "mi_xz2": 9.450903086172222, "mi_yz2": 2.3009701222620826, "mi_xz3": 2.1627755865094818, "mi_yz3": 2.270956932600887, "h_x": 9.530779359142585, "h_y": 2.301159172703212, "h_z1": 10.944077789482154, "h_z2": 10.880399564264804, "h_z3": 2.304419549099716}