{"mi_xz1": 9.488006791066965, "mi_yz1": 2.300832646517106, "mi_xz2": 9.446746460971662, "mi_yz2": 2.3010667530785165, "mi_xz3": 2.162006053392823, "mi_yz3": 2.275648481803411, "h_x": 9.530779359142608, "h_y": 2.3011591727032115, "h_z1": 10.939548077708713, "h_z2": 10.874380433801946, "h_z3": 2.303666168125772}