{"mi_xz1": 9.4871600827488, "mi_yz1": 2.300637449374762, "mi_xz2": 9.440631138329616, "mi_yz2": 2.3007883405151093, "mi_xz3": 2.1612373741970043, "mi_yz3": 2.2763753636246893, "h_x": 9.530779359142596, "h_y": 2.301159172703212, "h_z1": 10.935020661095496, "h_z2": 10.859894098139813, "h_z3": 2.30308557802337}