{"mi_xz1": 9.48798360520203, "mi_yz1": 2.3007796197126624, "mi_xz2": 9.466663180808762, "mi_yz2": 2.3010811371820936, "mi_xz3": 2.1616272780484227, "mi_yz3": 2.280618217014726, "h_x": 9.530779359142617, "h_y": 2.3011591727032124, "h_z1": 10.941062584829336, "h_z2": 10.907783603052701, "h_z3": 2.3034676398189107}