{"mi_xz1": 9.489806810383385, "mi_yz1": 2.300870135526683, "mi_xz2": 9.433205826284683, "mi_yz2": 2.3010436481724557, "mi_xz3": 2.1608448586877653, "mi_yz3": 2.2683358652262107, "h_x": 9.530779359142594, "h_y": 2.301159172703212, "h_z1": 10.943109703105698, "h_z2": 10.853238202438773, "h_z3": 2.3033910469982066}