{"mi_xz1": 8.57983749213296, "mi_yz1": 2.166682035581949, "mi_xz2": 8.049103428672748, "mi_yz2": 2.023544948438387, "mi_xz3": 2.1786974492724425, "mi_yz3": 2.190143050242194, "h_x": 9.530779359142592, "h_y": 2.3011591727032115, "h_z1": 10.002061503231102, "h_z2": 9.392277352280226, "h_z3": 2.3208718378185935}