{"mi_xz1": 9.179669935264931, "mi_yz1": 2.2713159490028807, "mi_xz2": 8.409502016920815, "mi_yz2": 2.1428898773385754, "mi_xz3": 2.1732587971961967, "mi_yz3": 2.2241511112205354, "h_x": 9.530779359142597, "h_y": 2.301159172703212, "h_z1": 10.62836314616608, "h_z2": 9.74364504391562, "h_z3": 2.3138892079208526}