{"mi_xz1": 9.417589499196788, "mi_yz1": 2.295068031714933, "mi_xz2": 8.76718236628848, "mi_yz2": 2.202035541208584, "mi_xz3": 2.1666066750143353, "mi_yz3": 2.2278277903155876, "h_x": 9.530779359142612, "h_y": 2.301159172703212, "h_z1": 10.884691504662758, "h_z2": 10.148333900953972, "h_z3": 2.309766077151965}