{"mi_xz1": 9.45142510686857, "mi_yz1": 2.298692352859959, "mi_xz2": 8.761467295077164, "mi_yz2": 2.2001938204732294, "mi_xz3": 2.164738989525251, "mi_yz3": 2.2569817221935446, "h_x": 9.53077935914261, "h_y": 2.301159172703212, "h_z1": 10.919917617887835, "h_z2": 10.135230656244133, "h_z3": 2.3066828861386823}