{"mi_xz1": 9.493729887347154, "mi_yz1": 2.300477352124345, "mi_xz2": 9.065435181155092, "mi_yz2": 2.2648577289018443, "mi_xz3": 2.165817869413038, "mi_yz3": 2.253470443933428, "h_x": 9.53077935914261, "h_y": 2.301159172703212, "h_z1": 10.962392401809858, "h_z2": 10.461234543220899, "h_z3": 2.306365919905565}