{"mi_xz1": 9.512863201036497, "mi_yz1": 2.3008314928258535, "mi_xz2": 9.106622634051416, "mi_yz2": 2.268383284068482, "mi_xz3": 2.164995874695547, "mi_yz3": 2.2617875830929424, "h_x": 9.530779359142594, "h_y": 2.3011591727032115, "h_z1": 10.98232351230854, "h_z2": 10.477822802259531, "h_z3": 2.307487205036484}