{"mi_xz1": 9.513679383411045, "mi_yz1": 2.301127346994022, "mi_xz2": 9.062696471211087, "mi_yz2": 2.2684362585061395, "mi_xz3": 2.163282966054541, "mi_yz3": 2.2729277404014936, "h_x": 9.530779359142594, "h_y": 2.301159172703212, "h_z1": 10.981646443310924, "h_z2": 10.441914412578955, "h_z3": 2.3041920927754966}