{"mi_xz1": 9.509562490967955, "mi_yz1": 2.3010667530783806, "mi_xz2": 9.19237837684392, "mi_yz2": 2.278165758933345, "mi_xz3": 2.162776516039916, "mi_yz3": 2.2727594468415853, "h_x": 9.530779359142596, "h_y": 2.301159172703212, "h_z1": 10.975730675988515, "h_z2": 10.583005374778574, "h_z3": 2.3042832636063486}