{"mi_xz1": 9.517289508347055, "mi_yz1": 2.301034927369927, "mi_xz2": 9.138345893381333, "mi_yz2": 2.276128579797557, "mi_xz3": 2.161784384081862, "mi_yz3": 2.2789430363477434, "h_x": 9.530779359142606, "h_y": 2.301159172703212, "h_z1": 10.986012883443625, "h_z2": 10.530598820385478, "h_z3": 2.3028283812919508}