{"mi_xz1": 9.51520218547317, "mi_yz1": 2.300979077418758, "mi_xz2": 9.198127175861872, "mi_yz2": 2.2806552365155723, "mi_xz3": 2.1613817952074386, "mi_yz3": 2.270341250138973, "h_x": 9.53077935914261, "h_y": 2.301159172703212, "h_z1": 10.982081410980172, "h_z2": 10.586313414790515, "h_z3": 2.3037790408513845}