{"mi_xz1": 11.001695279494312, "mi_yz1": 2.3011591727023686, "mi_xz2": 11.001695279494312, "mi_yz2": 2.3011591727023686, "mi_xz3": 2.7862970852707125, "mi_yz3": 2.0370058945288494, "h_x": 11.001695279494312, "h_y": 2.301159172703212, "h_z1": 11.002099841200193, "h_z2": 11.002099841200193, "h_z3": 2.786297085270285}