{"mi_xz1": 11.001695279494315, "mi_yz1": 2.3011591727023837, "mi_xz2": 11.00164906968228, "mi_yz2": 2.301159172702384, "mi_xz3": 2.8016289787823734, "mi_yz3": 2.047162799536691, "h_x": 11.001695279494312, "h_y": 2.301159172703212, "h_z1": 11.002099841200193, "h_z2": 11.002053631388156, "h_z3": 2.8016289787825115}