{"mi_xz1": 11.00169527949431, "mi_yz1": 2.3011591727023726, "mi_xz2": 11.00169527949431, "mi_yz2": 2.3011591727023726, "mi_xz3": 2.8413707629429883, "mi_yz3": 2.0606335433042076, "h_x": 11.001695279494312, "h_y": 2.3011591727032115, "h_z1": 11.002099841200193, "h_z2": 11.002099841200193, "h_z3": 2.841370762943928}