{"mi_xz1": 11.001695279494314, "mi_yz1": 2.301159172702383, "mi_xz2": 11.001533545152189, "mi_yz2": 2.301159172702384, "mi_xz3": 2.79522633850818, "mi_yz3": 2.020812683156031, "h_x": 11.001695279494312, "h_y": 2.301159172703212, "h_z1": 11.002099841200193, "h_z2": 11.001938106858063, "h_z3": 2.7952263385074825}