{"mi_xz1": 11.001695279494314, "mi_yz1": 2.301159172702409, "mi_xz2": 11.001649069682278, "mi_yz2": 2.301159172702409, "mi_xz3": 2.8038352350394384, "mi_yz3": 2.0308763020527376, "h_x": 11.001695279494314, "h_y": 2.3011591727032115, "h_z1": 11.002099841200193, "h_z2": 11.002053631388156, "h_z3": 2.8038352350396427}