{"mi_xz1": 11.001695279494315, "mi_yz1": 2.3011591727024037, "mi_xz2": 11.001695279494315, "mi_yz2": 2.3011591727024037, "mi_xz3": 2.800156799480879, "mi_yz3": 2.0473682359044107, "h_x": 11.001695279494312, "h_y": 2.301159172703212, "h_z1": 11.002099841200193, "h_z2": 11.002099841200193, "h_z3": 2.8001567994809085}