{"mi_xz1": 11.001695279494315, "mi_yz1": 2.3011591727024108, "mi_xz2": 11.001695279494315, "mi_yz2": 2.3011591727024108, "mi_xz3": 2.7971279281025536, "mi_yz3": 2.0184110686099923, "h_x": 11.001695279494312, "h_y": 2.3011591727032115, "h_z1": 11.002099841200193, "h_z2": 11.002099841200193, "h_z3": 2.7971279281020376}