{"mi_xz1": 11.00169527949431, "mi_yz1": 2.301159172702402, "mi_xz2": 11.001547929255805, "mi_yz2": 2.3011591727024028, "mi_xz3": 2.8112130028635463, "mi_yz3": 2.0133004926201687, "h_x": 11.001695279494312, "h_y": 2.301159172703212, "h_z1": 11.002099841200193, "h_z2": 11.001929386055668, "h_z3": 2.8112130028631284}