{"mi_xz1": 11.001695279494314, "mi_yz1": 2.3011591727023735, "mi_xz2": 11.001695279494314, "mi_yz2": 2.3011591727023735, "mi_xz3": 2.787849949989719, "mi_yz3": 1.9332845300742993, "h_x": 11.001695279494312, "h_y": 2.301159172703212, "h_z1": 11.002099841200193, "h_z2": 11.002099841200193, "h_z3": 2.7878499499901017}