{"mi_xz1": 11.001695279494314, "mi_yz1": 2.3011591727023863, "mi_xz2": 11.001602859870243, "mi_yz2": 2.301159172702387, "mi_xz3": 2.761782026928774, "mi_yz3": 1.934496599319825, "h_x": 11.001695279494314, "h_y": 2.3011591727032115, "h_z1": 11.002099841200193, "h_z2": 11.002007421576119, "h_z3": 2.7617820269285693}