{"mi_xz1": 5.984046614303488, "mi_yz1": 1.3806926082444186, "mi_xz2": 8.988762158059506, "mi_yz2": 2.2802670475078766, "mi_xz3": 2.1830516009349736, "mi_yz3": 2.185794729382746, "h_x": 9.530779359142576, "h_y": 2.3011591727032115, "h_z1": 7.098044693514187, "h_z2": 10.268274830225188, "h_z3": 2.3251093806454883}