{"mi_xz1": 7.015152387800768, "mi_yz1": 1.6087108574767233, "mi_xz2": 9.196206880093083, "mi_yz2": 2.2942506831070952, "mi_xz3": 2.170800931580651, "mi_yz3": 2.2285647101957813, "h_x": 9.530779359142597, "h_y": 2.3011591727032115, "h_z1": 8.250188482376497, "h_z2": 10.500150996114787, "h_z3": 2.312886150449577}