{"mi_xz1": 7.780432820236286, "mi_yz1": 1.8143440354575995, "mi_xz2": 9.228903237910826, "mi_yz2": 2.2982990059908337, "mi_xz3": 2.169012522458895, "mi_yz3": 2.249023325923369, "h_x": 9.530779359142604, "h_y": 2.3011591727032115, "h_z1": 9.085846238528035, "h_z2": 10.567288300095395, "h_z3": 2.3097445451480043}