{"mi_xz1": 8.044331997264464, "mi_yz1": 1.892867243408916, "mi_xz2": 9.316635447699937, "mi_yz2": 2.299249181299896, "mi_xz3": 2.1682987303681833, "mi_yz3": 2.250485945653772, "h_x": 9.530779359142604, "h_y": 2.301159172703212, "h_z1": 9.366953221979378, "h_z2": 10.698461400227249, "h_z3": 2.307549503036887}