{"mi_xz1": 8.689138291831915, "mi_yz1": 2.102627368796385, "mi_xz2": 9.339686077570143, "mi_yz2": 2.2986070958725184, "mi_xz3": 2.1648784984114937, "mi_yz3": 2.2555211778839417, "h_x": 9.530779359142604, "h_y": 2.301159172703212, "h_z1": 10.081491834533203, "h_z2": 10.715308988251397, "h_z3": 2.3072897290335352}