{"mi_xz1": 8.662994777878051, "mi_yz1": 2.0707341145907314, "mi_xz2": 9.327249369235806, "mi_yz2": 2.299969801693659, "mi_xz3": 2.1634330533890496, "mi_yz3": 2.269505552956524, "h_x": 9.530779359142585, "h_y": 2.301159172703212, "h_z1": 10.061891112103293, "h_z2": 10.703381043370928, "h_z3": 2.3039381598188955}