{"mi_xz1": 8.776213152184955, "mi_yz1": 2.124893241335484, "mi_xz2": 9.359038210894854, "mi_yz2": 2.2997829108142134, "mi_xz3": 2.1632280638974892, "mi_yz3": 2.2703213314279744, "h_x": 9.530779359142587, "h_y": 2.301159172703212, "h_z1": 10.18544110571706, "h_z2": 10.756600254640654, "h_z3": 2.3043193645612545}