{"mi_xz1": 8.835885655132648, "mi_yz1": 2.152490990480984, "mi_xz2": 9.359016878075717, "mi_yz2": 2.2996401307960492, "mi_xz3": 2.1635072985434176, "mi_yz3": 2.2566637034434813, "h_x": 9.530779359142619, "h_y": 2.3011591727032115, "h_z1": 10.241410748534781, "h_z2": 10.746285791108454, "h_z3": 2.3061768148218142}