{"mi_xz1": 8.864468254625109, "mi_yz1": 2.1593455657684477, "mi_xz2": 9.32476719663486, "mi_yz2": 2.2989999369649405, "mi_xz3": 2.1615346692300053, "mi_yz3": 2.2799887795215534, "h_x": 9.53077935914262, "h_y": 2.301159172703212, "h_z1": 10.28130741609716, "h_z2": 10.695897035834506, "h_z3": 2.3030813324697297}