{"mi_xz1": 8.820853586637014, "mi_yz1": 2.1840064426506527, "mi_xz2": 9.321676629701038, "mi_yz2": 2.2965449038760215, "mi_xz3": 2.1617652309834026, "mi_yz3": 2.279559754158111, "h_x": 9.53077935914258, "h_y": 2.301159172703212, "h_z1": 10.208521982526698, "h_z2": 10.677959409497012, "h_z3": 2.3031151392259948}