{"mi_xz1": 9.524788758766281, "mi_yz1": 2.301159172702434, "mi_xz2": 9.509885475940116, "mi_yz2": 2.300942507745908, "mi_xz3": 2.1779822251695022, "mi_yz3": 2.1883040625715213, "h_x": 9.530779359142599, "h_y": 2.301159172703212, "h_z1": 10.992889938492173, "h_z2": 10.971207033274304, "h_z3": 2.3198478533230973}