{"mi_xz1": 9.52647976544678, "mi_yz1": 2.3011591727024157, "mi_xz2": 9.5028149509222, "mi_yz2": 2.301081137182023, "mi_xz3": 2.173214401068083, "mi_yz3": 2.2195203011570013, "h_x": 9.530779359142613, "h_y": 2.301159172703212, "h_z1": 10.995375232779717, "h_z2": 10.959667366515854, "h_z3": 2.3160257346268853}