{"mi_xz1": 9.52080873064356, "mi_yz1": 2.3011591727024183, "mi_xz2": 9.496312946052281, "mi_yz2": 2.30106675307841, "mi_xz3": 2.169124585390646, "mi_yz3": 2.2370099923112097, "h_x": 9.530779359142626, "h_y": 2.301159172703212, "h_z1": 10.98598094403956, "h_z2": 10.949740635385146, "h_z3": 2.310096463756623}