{"mi_xz1": 9.523753418053527, "mi_yz1": 2.301159172702447, "mi_xz2": 9.488768152779377, "mi_yz2": 2.3011591727025222, "mi_xz3": 2.166533085936045, "mi_yz3": 2.262539346068067, "h_x": 9.530779359142597, "h_y": 2.3011591727032115, "h_z1": 10.989438602275404, "h_z2": 10.936593396345703, "h_z3": 2.308469291004979}