{"mi_xz1": 9.522140795938466, "mi_yz1": 2.3011591727024503, "mi_xz2": 9.480559994018897, "mi_yz2": 2.3011360677964925, "mi_xz3": 2.1656620211475768, "mi_yz3": 2.2710524148632407, "h_x": 9.5307793591426, "h_y": 2.301159172703212, "h_z1": 10.987841332972302, "h_z2": 10.915129698105622, "h_z3": 2.3057433810625905}