{"mi_xz1": 9.523747102486025, "mi_yz1": 2.3011591727024423, "mi_xz2": 9.491957417896717, "mi_yz2": 2.3011591727025116, "mi_xz3": 2.1623524931250704, "mi_yz3": 2.263418731455535, "h_x": 9.530779359142594, "h_y": 2.301159172703212, "h_z1": 10.990149692485538, "h_z2": 10.940191724010983, "h_z3": 2.30411025140626}