{"mi_xz1": 9.523764675625344, "mi_yz1": 2.3011591727024063, "mi_xz2": 9.502100598558668, "mi_yz2": 2.301112962890424, "mi_xz3": 2.161600732649609, "mi_yz3": 2.273430297096542, "h_x": 9.530779359142604, "h_y": 2.301159172703212, "h_z1": 10.990630219018646, "h_z2": 10.96001318220215, "h_z3": 2.3037880148463006}