{"mi_xz1": 9.522150892568828, "mi_yz1": 2.301159172702425, "mi_xz2": 9.497530266344164, "mi_yz2": 2.3011591727024876, "mi_xz3": 2.161705849992056, "mi_yz3": 2.2810281506176375, "h_x": 9.530779359142612, "h_y": 2.301159172703212, "h_z1": 10.988785983737472, "h_z2": 10.952764390325028, "h_z3": 2.3033321635498125}