{"mi_xz1": 9.525470818319286, "mi_yz1": 2.3011591727024245, "mi_xz2": 9.462684221099959, "mi_yz2": 2.301159172702515, "mi_xz3": 2.1619879082772044, "mi_yz3": 2.2808755163047185, "h_x": 9.530779359142608, "h_y": 2.301159172703212, "h_z1": 10.993305210501976, "h_z2": 10.89643287614967, "h_z3": 2.3033188093025925}