{"mi_xz1": 9.52370004135665, "mi_yz1": 2.3011591727024463, "mi_xz2": 9.475498203440909, "mi_yz2": 2.3011042420880914, "mi_xz3": 2.160953410742597, "mi_yz3": 2.286303432834968, "h_x": 9.530779359142619, "h_y": 2.3011591727032115, "h_z1": 10.99045770906653, "h_z2": 10.91611573787755, "h_z3": 2.3018234798223958}