{"mi_xz1": 8.416236532225424, "mi_yz1": 2.0165137966025157, "mi_xz2": 7.459300306646584, "mi_yz2": 1.7975143036321146, "mi_xz3": 2.1792545571188926, "mi_yz3": 2.202317673469164, "h_x": 9.530779359142613, "h_y": 2.301159172703212, "h_z1": 9.562089181205298, "h_z2": 8.619209586356366, "h_z3": 2.3183923238723696}