{"mi_xz1": 8.450073448432791, "mi_yz1": 2.020912947856042, "mi_xz2": 7.605218047067894, "mi_yz2": 1.799679296215729, "mi_xz3": 2.171979518689395, "mi_yz3": 2.2252314592007125, "h_x": 9.53077935914261, "h_y": 2.301159172703212, "h_z1": 9.61751658232169, "h_z2": 8.764847258862035, "h_z3": 2.312590478094118}