{"mi_xz1": 8.466369889037155, "mi_yz1": 2.027798208245268, "mi_xz2": 7.970666110497228, "mi_yz2": 1.8962467844004713, "mi_xz3": 2.1673122520611803, "mi_yz3": 2.2468336050778714, "h_x": 9.530779359142617, "h_y": 2.301159172703212, "h_z1": 9.650464812836828, "h_z2": 9.16372081577892, "h_z3": 2.3081132840422205}