{"mi_xz1": 8.56828031382581, "mi_yz1": 2.0657759391864805, "mi_xz2": 7.724005623181246, "mi_yz2": 1.8506667921068278, "mi_xz3": 2.16801958457325, "mi_yz3": 2.25311284995821, "h_x": 9.530779359142588, "h_y": 2.3011591727032115, "h_z1": 9.778025140988161, "h_z2": 8.894790943378634, "h_z3": 2.308455447685647}