{"mi_xz1": 8.567935338619414, "mi_yz1": 2.0709145637351423, "mi_xz2": 8.108003453437506, "mi_yz2": 1.9609854525183965, "mi_xz3": 2.167277391307821, "mi_yz3": 2.2623145337465522, "h_x": 9.530779359142603, "h_y": 2.301159172703212, "h_z1": 9.784582526626835, "h_z2": 9.317253054871184, "h_z3": 2.3075540481177947}