{"mi_xz1": 8.644499372482626, "mi_yz1": 2.0900249875960384, "mi_xz2": 7.742278074242624, "mi_yz2": 1.8395004769207295, "mi_xz3": 2.1649010600434386, "mi_yz3": 2.2547285229474547, "h_x": 9.530779359142606, "h_y": 2.301159172703212, "h_z1": 9.869928438751668, "h_z2": 8.919836033249908, "h_z3": 2.307020211677645}