{"mi_xz1": 8.654558599012983, "mi_yz1": 2.0992818768890045, "mi_xz2": 8.05495130017088, "mi_yz2": 1.9194392279708234, "mi_xz3": 2.1633868312156426, "mi_yz3": 2.271367796785664, "h_x": 9.5307793591426, "h_y": 2.301159172703212, "h_z1": 9.889873191551281, "h_z2": 9.275721391623865, "h_z3": 2.304681615484531}