{"mi_xz1": 8.619542096442196, "mi_yz1": 2.0939214115969573, "mi_xz2": 8.054572215246045, "mi_yz2": 1.9261027025097877, "mi_xz3": 2.1618925586711897, "mi_yz3": 2.275277410160198, "h_x": 9.530779359142585, "h_y": 2.301159172703212, "h_z1": 9.857552575755033, "h_z2": 9.248925132781856, "h_z3": 2.303971705287633}