{"mi_xz1": 8.538635616632293, "mi_yz1": 2.0742392096228754, "mi_xz2": 7.972517084302445, "mi_yz2": 1.9000801735850799, "mi_xz3": 2.161534538084143, "mi_yz3": 2.2784570735272216, "h_x": 9.530779359142603, "h_y": 2.3011591727032124, "h_z1": 9.762158452856069, "h_z2": 9.164214397410937, "h_z3": 2.302921435719504}