{"mi_xz1": 8.624290323376758, "mi_yz1": 2.092788265654365, "mi_xz2": 7.9984139679324056, "mi_yz2": 1.9118941776249079, "mi_xz3": 2.16137153369442, "mi_yz3": 2.2830029939029037, "h_x": 9.530779359142615, "h_y": 2.301159172703212, "h_z1": 9.870003263530974, "h_z2": 9.217025322696779, "h_z3": 2.302976260966651}